departamento,categoria,nome,descricao,especificacoes,imagem
"Descartáveis e Embalagens","Copos e Cumbucas","Copo descartável 180 ml","Copo plástico para água e bebidas em eventos e refeitórios de órgãos públicos.","Capacidade: 180 ml | Material: PP | Pacote: 100 unidades","produtos/placeholder.svg"
"Descartáveis e Embalagens","Sacolas e Filmes","Sacola plástica reforçada","Sacola para acondicionamento e transporte de materiais em almoxarifado.","Material: PEAD | Capacidade: 10 kg | Pacote: 50 unidades","produtos/placeholder.svg"
"Eletrodomésticos e Equipamentos","Climatizadores","Climatizador evaporativo","Equipamento para climatização de ambientes administrativos e áreas de atendimento.","Vazão: 40 L | Voltagem: 127/220 V | Reservatório: 45 L","produtos/placeholder.svg"
"Eletrodomésticos e Equipamentos","Ventiladores","Ventilador de coluna","Ventilador para circulação de ar em salas e corredores.","Potência: 120 W | Altura: 1.20 m | Oscilação: sim","produtos/placeholder.svg"
"Ferramentas e Construção","Carros Plataformas","Carro plataforma","Carro para movimentação de cargas em depósitos e pátios.","Capacidade: 300 kg | Plataforma: aço | Rodízios: 4","produtos/placeholder.svg"
"Ferramentas e Construção","Compressores e Motocompressores","Motocompressor de ar","Compressor para oficinas e manutenção predial.","Pressão: 8 bar | Reservatório: 50 L | Voltagem: 220 V","produtos/placeholder.svg"
"Informática e Eletrônicos","Fragmentadoras","Fragmentadora de papel","Fragmentadora para descarte seguro de documentos oficiais.","Capacidade: 12 folhas | Corte: partículas | Cesto: 20 L","produtos/placeholder.svg"
"Informática e Eletrônicos","Impressoras e Suprimentos","Impressora multifuncional","Impressora para copiar escanear e imprimir documentos administrativos.","Funções: impressão cópia e scanner | Conexão: USB/rede | Formato: A4","produtos/placeholder.svg"
"Limpeza e Utilidades","Cestos e Lixeiras","Lixeira com pedal 50 L","Lixeira com tampa e pedal para áreas comuns e banheiros.","Capacidade: 50 L | Acionamento: pedal | Material: inox","produtos/placeholder.svg"
"Limpeza e Utilidades","Cestos e Lixeiras","Cesto aramado","Cesto para coleta seletiva em corredores e pátios.","Capacidade: 30 L | Material: aço | Acabamento: pintado","produtos/placeholder.svg"
"Materiais Elétricos","Cabos Elétricos","Cabo flexível 2.5 mm²","Cabo para instalações elétricas de baixa tensão.","Seção: 2.5 mm² | Isolação: PVC | Norma: NBR","produtos/placeholder.svg"
"Materiais Elétricos","Estabilizadores e Nobreaks","Nobreak 1200 VA","Nobreak para proteção de computadores e equipamentos de informática.","Potência: 1200 VA | Autonomia: 15 min | Tomadas: 4","produtos/placeholder.svg"
"Segurança e Acessórios","Bicicletários","Bicicletário de chão","Estrutura para guarda de bicicletas em áreas públicas.","Vagas: 10 | Material: aço carbono | Fixação: chão","produtos/placeholder.svg"
"Segurança e Acessórios","Descensores e Talabartes","Talabarte de segurança","Talabarte para trabalho em altura com mosquetões.","Norma: NR-35 | Pontos: 2 | Material: fita sintética","produtos/placeholder.svg"
"Telefone e Comunicação","Aparelhos Celulares","Smartphone corporativo","Aparelho para comunicação institucional e aplicativos de trabalho.","Tela: 6.5 pol | Memória: 128 GB | Dual chip: sim","produtos/placeholder.svg"
"Telefone e Comunicação","Telefonia","Telefone sem fio","Telefone para mesas de atendimento e secretarias.","Alcance: 50 m | Identificador: sim | Base: 1","produtos/placeholder.svg"
"Outros","","Kit de apoio administrativo","Conjunto de itens de apoio sem categoria específica para demandas pontuais do órgão.","Composição: variada | Uso: escritório | Fornecimento: sob consulta","produtos/placeholder.svg"
